filename,has_shell,has_socket,num_strings,exec_size,entropy,label
NF,1,0,21,963,5.02084,0
a1,0,1,296,55744,5.45581,0
aa-enabled,0,0,123,18744,3.77877,0
aa-exec,0,0,146,18744,4.51658,0
aa-features-abi,0,0,125,18736,3.92065,0
add-apt-repository,0,0,386,16422,4.23246,0
addpart,0,0,97,14720,2.80026,0
addr2line,0,0,179,31440,3.74153,0
apport-bug,1,0,64,2322,5.11204,0
apport-cli,0,0,350,13625,4.27911,0
apport-collect,1,0,64,2322,5.11204,0
apport-unpack,0,0,92,3790,4.60456,0
appstreamcli,0,0,1338,141544,5.34942,0
apropos,0,0,359,48416,4.69612,0
apt,0,0,149,18824,3.37986,0
apt-add-repository,0,0,386,16422,4.23246,0
apt-cache,0,0,567,88544,5.78769,0
apt-cdrom,0,0,174,27104,4.42742,0
apt-config,0,0,243,31120,4.62768,0
apt-extracttemplates,0,0,162,23008,4.67833,0
apt-ftparchive,0,0,1238,227816,6.17413,0
apt-get,0,0,394,51680,5.08965,0
apt-key,1,0,720,28664,5.35772,0
apt-mark,0,0,328,55776,5.60603,0
apt-sortpkgs,0,0,260,51608,5.47022,0
ar,0,0,374,55792,5.48293,0
arch,0,0,183,35336,4.12258,0
as,0,0,5264,745768,5.68594,0
automat-visualize3,0,0,25,984,4.92971,0
awk,1,1,4585,739840,6.36327,0
b2sum,0,0,307,55816,5.20795,0
base32,0,0,224,39432,4.91801,0
base64,0,0,224,39432,4.89501,0
basename,0,0,201,35336,4.39299,0
basenc,0,0,289,47624,5.32114,0
bash,1,1,9568,1446024,6.20296,0
bashbug,1,0,212,6988,5.45035,0
bc,0,0,535,93000,5.63124,0
broadwayd,0,1,2798,125240,5.81541,0
busctl,0,1,677,96864,5.33008,0
byobu,1,1,224,8703,5.62303,0
byobu-config,1,0,17,996,5.28414,0
byobu-ctrl-a,1,0,125,4774,5.41616,0
byobu-disable,1,0,30,1295,5.22831,0
byobu-disable-prompt,1,0,28,1341,5.33661,0
byobu-enable,1,0,25,1182,5.18632,0
byobu-enable-prompt,1,0,30,1453,5.34678,0
byobu-export,1,0,30,1421,5.2649,0
byobu-janitor,1,0,114,7209,5.55095,0
byobu-keybindings,1,0,37,1506,5.29217,0
byobu-launch,1,0,72,3329,5.31923,0
byobu-launcher,1,0,45,1910,5.34919,0
byobu-launcher-install,1,0,67,2529,5.36992,0
byobu-launcher-uninstall,1,0,34,1561,5.35588,0
byobu-layout,1,0,111,3348,5.26139,0
byobu-prompt,1,0,27,1156,5.31933,0
byobu-quiet,1,0,29,1410,5.38324,0
byobu-reconnect-sockets,1,1,80,3298,5.4461,0
byobu-screen,1,1,224,8703,5.62303,0
byobu-select-backend,1,0,45,1452,5.38625,0
byobu-select-profile,1,0,181,5180,5.40783,0
byobu-select-session,1,0,17,1012,5.26258,0
byobu-shell,1,0,36,1697,5.25931,0
byobu-silent,1,0,27,1306,5.35644,0
byobu-status,1,0,162,6015,5.53514,0
byobu-status-detail,1,0,22,1207,5.28245,0
byobu-tmux,1,1,224,8703,5.62303,0
byobu-ugraph,0,0,152,4667,4.98768,0
byobu-ulevel,0,0,400,11996,5.14236,0
c++filt,0,0,131,22800,3.43119,0
c89,1,0,19,428,5.01713,0
c89-gcc,1,0,19,428,5.01713,0
c99,1,0,20,454,5.00535,0
c99-gcc,1,0,20,454,5.00535,0
c_rehash,0,0,206,6841,4.77565,0
captoinfo,0,0,715,92584,5.48228,0
cat,0,0,226,39384,4.75619,0
catman,0,0,247,31504,4.69682,0
cc,0,0,9080,1023032,5.69724,0
cftp3,0,0,8,224,5.01242,0
chage,0,0,525,72184,4.86687,0
chardet,0,0,8,221,5.05052,0
chardetect,0,0,8,221,5.05052,0
chattr,0,0,108,14656,3.69012,0
chcon,0,0,443,59912,5.68204,0
chfn,0,0,510,72792,4.63776,0
chgrp,0,0,400,59912,5.36296,0
chmod,0,0,384,55816,5.50926,0
choom,0,0,148,22912,3.48292,0
chown,0,0,436,59912,5.72537,0
chrt,0,0,212,31104,3.79804,0
chsh,0,0,307,44760,4.5829,0
chvt,0,0,101,14712,3.38689,0
ckbcomp,0,0,4599,150674,4.94248,0
ckeygen3,0,0,8,227,5.0317,0
cksum,0,0,459,104984,5.61949,0
clear,0,0,77,14656,2.21977,0
clear_console,0,0,92,14568,2.78099,0
cloud-id,0,0,25,972,4.92247,0
cloud-init,0,0,25,976,4.91635,0
cloud-init-per,1,0,52,2108,5.01794,0
cmp,0,0,284,43408,5.38947,0
codepage,0,0,95,14640,3.27845,0
col,0,0,146,22920,3.73408,0
col1,1,0,21,963,5.02084,0
col2,1,0,21,963,5.02084,0
col3,1,0,21,963,5.02084,0
col4,1,0,21,963,5.02084,0
col5,1,0,21,963,5.02084,0
col6,1,0,21,963,5.02084,0
col7,1,0,21,963,5.02084,0
col8,1,0,21,963,5.02084,0
col9,1,0,21,963,5.02084,0
colcrt,0,0,117,14728,3.72036,0
colrm,0,0,105,14728,3.25788,0
column,0,0,279,39304,4.47713,0
comm,0,0,244,39440,4.86124,0
conch3,0,0,8,225,5.0164,0
corelist,0,0,419,15375,4.89815,0
cp,0,0,785,141848,5.93365,0
cpan,0,0,211,8360,4.9978,0
cpan5.38-x86_64-linux-gnu,0,0,211,8381,5.00576,0
cpp,0,0,9103,1027128,5.68637,0
cpp-13,0,0,9103,1027128,5.68637,0
crontab,1,0,368,39664,5.36905,0
csplit,0,0,306,51720,4.95272,0
ctail,1,0,20,960,5.00817,0
ctstat,0,0,153,23200,4.03862,0
curl,0,1,2700,297288,6.41875,0
cut,0,0,279,39432,5.3423,0
cvtsudoers,1,1,2204,328832,6.21106,0
dash,1,0,829,129784,5.68952,0
date,0,0,652,109064,5.85459,0
dbus-cleanup-sockets,0,1,96,14632,3.44576,0
dbus-daemon,0,1,1657,236176,5.90332,0
dbus-launch,0,0,233,30864,4.5716,0
dbus-monitor,0,1,223,26928,4.59952,0
dbus-run-session,0,0,129,14640,3.81449,0
dbus-send,0,1,235,31016,4.48221,0
dbus-update-activation-environment,0,0,122,14632,3.95267,0
dbus-uuidgen,0,0,77,14632,2.35571,0
dd,0,0,493,72232,5.78318,0
deallocvt,0,0,96,14712,3.24111,0
deb-systemd-helper,0,0,538,24358,4.9499,0
deb-systemd-invoke,0,0,151,7135,5.07453,0
debconf,0,0,79,2870,5.23337,0
debconf-apt-progress,0,0,372,11846,5.45347,0
debconf-communicate,0,0,24,623,5.19568,0
debconf-copydb,0,0,53,1718,5.21995,0
debconf-escape,0,0,31,668,5.05525,0
debconf-set-selections,0,0,105,3216,5.21014,0
debconf-show,0,0,74,1825,5.21363,0
debian-distro-info,0,0,177,31696,3.86085,0
delpart,0,0,90,14720,2.61886,0
df,0,0,484,89168,5.56166,0
dh_bash-completion,0,0,123,4527,5.09983,0
dh_installxmlcatalogs,0,0,216,9444,5.1934,0
diff,0,1,784,137776,5.80779,0
diff3,0,0,351,59920,5.27742,0
dir,0,1,1112,142312,5.9182,0
dircolors,0,1,495,47632,5.03855,0
dirmngr,0,1,3461,485136,6.16768,0
dirmngr-client,0,1,419,56240,5.25127,0
dirname,0,0,179,35208,4.09972,0
distro-info,0,0,177,27536,4.05614,0
dmesg,0,0,513,70288,4.66078,0
dnsdomainname,0,0,154,22760,3.31365,0
do-release-upgrade,0,0,226,10675,4.67148,0
domainname,0,0,154,22760,3.31365,0
dpkg,0,0,2534,318176,6.01564,0
dpkg-deb,0,0,1204,146000,5.70775,0
dpkg-divert,0,0,963,121416,5.70372,0
dpkg-maintscript-helper,1,0,555,21205,5.37428,0
dpkg-query,0,0,1106,137792,5.79723,0
dpkg-realpath,1,0,150,4185,5.00355,0
dpkg-split,0,0,941,100896,5.70109,0
dpkg-statoverride,0,0,423,51592,4.69441,0
dpkg-trigger,0,0,327,43552,4.99739,0
du,0,0,633,100872,5.66074,0
dumpkeys,0,0,1578,166760,3.79912,0
dwp,0,0,9156,1961344,6.07213,0
eatmydata,1,0,79,2806,4.75813,0
ec2metadata,0,1,214,8583,4.56976,0
echo,0,0,197,35208,4.46008,0
ed,0,0,333,59960,5.28446,0
editor,1,0,1970,279040,6.1768,0
egrep,1,0,3,41,4.63135,0
eject,0,0,351,43240,4.88114,0
elfedit,0,0,255,35552,4.90119,0
enc2xs,0,0,1156,41947,5.11542,0
encguess,0,0,103,3069,5.10985,0
env,0,0,336,48072,4.92128,0
envsubst,0,0,172,35200,4.00932,0
eqn,0,0,1684,192968,5.36262,0
ex,1,1,21747,4126400,6.24258,0
expand,0,0,226,35360,4.89753,0
expiry,0,0,190,27152,3.79697,0
expr,0,0,285,43432,5.46247,0
factor,0,0,455,64008,5.98278,0
faillog,0,0,173,23168,4.15656,0
fallocate,0,0,181,27008,3.67807,0
false,0,0,165,26936,4.8036,0
fc-cache,0,0,144,22912,3.37483,0
fc-cat,0,0,115,18816,3.10966,0
fc-conflist,0,0,74,14720,2.21076,0
fc-list,0,0,96,14720,3.04484,0
fc-match,0,0,105,14720,3.43558,0
fc-pattern,0,0,85,14720,2.79374,0
fc-query,0,0,86,14720,2.7085,0
fc-scan,0,0,92,14720,2.95,0
fc-validate,0,0,97,14720,3.30903,0
fgconsole,0,0,98,14712,3.20908,0
fgrep,1,0,3,41,4.63135,0
file,0,0,237,31336,3.99302,0
find,0,0,1480,204264,5.91983,0
findmnt,0,0,563,69280,4.9931,0
flock,1,0,161,23024,3.71598,0
fmt,0,0,251,39432,5.15182,0
fold,0,0,204,35336,4.78125,0
free,0,0,175,27008,3.79805,0
fuser,0,1,285,40288,5.05518,0
fusermount,0,0,269,39296,4.52993,0
fusermount3,0,0,269,39296,4.52993,0
gapplication,0,0,188,22920,3.97254,0
gawk,1,1,4585,739840,6.36327,0
gawkbug,1,0,220,6900,5.44554,0
gcc,0,0,9080,1023032,5.69724,0
gcc-13,0,0,9080,1023032,5.69724,0
gcc-ar,0,0,176,27216,4.07484,0
gcc-ar-13,0,0,176,27216,4.07484,0
gcc-nm,0,0,174,27216,4.06782,0
gcc-nm-13,0,0,174,27216,4.06782,0
gcc-ranlib,0,0,174,27216,4.0671,0
gcc-ranlib-13,0,0,174,27216,4.0671,0
gcov,0,0,3797,442496,6.26035,0
gcov-13,0,0,3797,442496,6.26035,0
gcov-dump,0,0,2875,356432,6.2058,0
gcov-dump-13,0,0,2875,356432,6.2058,0
gcov-tool,0,0,2672,311352,6.20202,0
gcov-tool-13,0,0,2672,311352,6.20202,0
gdbus,0,0,384,51592,5.05502,0
gdk-pixbuf-csource,0,0,106,14672,3.38624,0
gdk-pixbuf-pixdata,0,0,84,14656,2.66701,0
gdk-pixbuf-thumbnailer,0,0,105,18832,2.69862,0
gencat,0,0,190,27072,4.78805,0
geqn,0,0,1684,192968,5.36262,0
getconf,0,1,390,26992,3.70358,0
getent,0,0,292,39648,3.87785,0
getkeycodes,0,0,98,14712,3.24801,0
getopt,0,0,165,22912,3.59039,0
gettext,0,0,186,35200,4.09203,0
gettext.sh,1,0,111,5188,4.96929,0
ginstall-info,0,0,340,48376,5.12479,0
gio,0,0,817,104856,5.06266,0
gio-querymodules,0,0,101,18744,2.77426,0
git,1,1,29063,4066232,6.41462,0
git-receive-pack,1,1,29063,4066232,6.41462,0
git-shell,1,1,4317,639808,6.26927,0
git-upload-archive,1,1,29063,4066232,6.41462,0
git-upload-pack,1,1,29063,4066232,6.41462,0
glib-compile-schemas,0,0,482,55608,5.12939,0
gold,0,0,15382,3218592,6.14443,0
gp-archive,0,0,914,162336,5.56581,0
gp-collect-app,0,0,1070,178552,5.70831,0
gp-display-html,0,0,13965,641937,4.51812,0
gp-display-src,0,0,868,153960,5.60411,0
gp-display-text,0,0,1911,297336,5.87127,0
gpasswd,0,0,556,76248,4.94918,0
gpg,1,1,8358,1147800,6.37857,0
gpg-agent,0,1,2840,366096,6.14598,0
gpg-connect-agent,0,1,661,89400,5.46303,0
gpg-wks-client,0,1,1217,142712,6.0377,0
gpgconf,0,1,993,118128,5.52908,0
gpgparsemail,0,0,238,35200,4.29886,0
gpgsm,0,1,4135,513400,6.18454,0
gpgsplit,0,0,190,27256,4.01269,0
gpgtar,0,1,541,69456,5.6123,0
gpgv,0,1,2421,310416,6.27382,0
gpic,0,0,933,200768,5.69668,0
gprof,0,0,804,102184,5.89291,0
gprofng,0,0,813,141672,5.66128,0
grep,0,1,911,186824,5.98769,0
gresource,0,0,191,22840,4.39745,0
groff,1,0,819,96776,4.90374,0
grog,0,0,568,19195,5.07794,0
grops,0,0,1471,166456,5.63851,0
grotty,0,0,1099,121352,5.52198,0
groups,0,0,204,35336,4.53815,0
growpart,1,0,832,29895,5.37038,0
gsettings,0,0,266,31032,4.58731,0
gtbl,0,0,1039,137704,5.81676,0
gtk-builder-tool,0,0,278,35568,4.08429,0
gtk-encode-symbolic-svg,0,0,143,18856,3.30043,0
gtk-launch,0,0,111,18904,2.80786,0
gtk-query-settings,0,0,73,14648,2.25174,0
gtk-update-icon-cache,0,0,267,39496,4.39673,0
gunzip,1,0,44,2346,4.90702,0
gzexe,1,0,207,6447,5.14052,0
gzip,0,0,460,93424,5.77358,0
h2ph,0,0,815,29227,4.93715,0
h2xs,0,0,1615,60934,5.1755,0
hardlink,0,1,377,47600,4.9815,0
hd,0,0,348,47504,5.02499,0
head,0,0,255,43528,5.14373,0
helpztags,0,0,69,2514,5.22609,0
hexdump,0,0,348,47504,5.02499,0
hostid,0,0,179,35336,4.08055,0
hostname,0,0,154,22760,3.31365,0
hostnamectl,0,0,269,31184,4.4816,0
hwe-support-status,0,0,321,11511,4.58788,0
i386,1,0,208,27288,3.74007,0
iconv,0,0,608,68072,5.50553,0
id,0,0,266,39432,5.23741,0
info,0,0,1624,247536,5.88892,0
infobrowser,0,0,1624,247536,5.88892,0
infocmp,0,0,451,67968,5.08517,0
infotocap,0,0,715,92584,5.48228,0
install,0,0,817,145944,5.91633,0
install-info,0,0,340,48376,5.12479,0
instmodsh,0,0,143,4373,4.68761,0
ionice,0,0,141,18816,3.58796,0
ip,0,1,6347,772856,6.17968,0
ipcmk,0,0,154,22984,3.47903,0
ipcrm,0,0,150,18816,4.08165,0
ipcs,0,0,356,39296,4.88721,0
ischroot,0,0,85,14824,2.52862,0
join,0,0,296,51760,5.01288,0
journalctl,0,0,665,80800,5.38372,0
json-patch-jsondiff,0,0,30,1004,4.88409,0
json_pp,0,0,157,4992,5.01359,0
jsondiff,0,0,30,1004,4.88409,0
jsonpatch,0,0,86,3859,4.50131,0
jsonpointer,0,0,50,1838,4.63949,0
jsonschema,0,0,8,213,5.05012,0
kbd_mode,0,0,110,15016,3.69772,0
kbdinfo,0,0,122,18808,3.23745,0
kbxutil,0,1,464,64336,5.22882,0
keep-one-running,1,0,93,3592,5.18209,0
kernel-install,0,0,490,55984,5.06327,0
kill,0,0,151,22912,3.05899,0
killall,0,0,232,32096,4.18805,0
kmod,0,0,1375,174328,6.04133,0
landscape-broker,0,0,7,214,4.71067,0
landscape-client,0,0,15,529,4.77843,0
landscape-config,0,0,11,330,4.76947,0
landscape-manager,0,0,7,215,4.69221,0
landscape-monitor,0,0,7,215,4.68215,0
landscape-package-changer,0,0,8,253,4.79225,0
landscape-package-reporter,0,0,8,254,4.78011,0
landscape-release-upgrader,0,0,8,261,4.80063,0
landscape-sysinfo,0,0,20,646,4.58354,0
last,0,0,292,35200,4.93525,0
lastb,0,0,292,35200,4.93525,0
lastlog,0,0,265,28456,4.20653,0
lcf,1,0,206,7784,4.81493,0
ld,0,0,22364,1359128,6.0445,0
ld.bfd,0,0,22364,1359128,6.0445,0
ld.gold,0,0,15382,3218592,6.14443,0
ld.so,0,0,1858,236616,6.16717,0
ldd,0,0,169,5382,5.04257,0
less,0,0,1432,194952,5.9297,0
lessecho,0,0,67,14656,2.5806,0
lessfile,1,0,302,9047,5.14968,0
lesskey,0,0,180,24272,3.2887,0
lesspipe,1,0,302,9047,5.14968,0
lexgrog,0,0,375,101896,5.51442,0
libnetcfg,0,0,431,15778,5.10115,0
link,0,0,181,35336,4.17203,0
linux32,1,0,208,27288,3.74007,0
linux64,1,0,208,27288,3.74007,0
ln,0,0,367,55816,5.63877,0
lnstat,0,0,153,23200,4.03862,0
loadkeys,0,0,1892,207768,4.5429,0
loadunimap,0,0,234,35288,4.07981,0
locale,0,0,489,50824,4.57715,0
locale-check,0,0,69,14488,1.92325,0
localectl,0,0,229,27080,4.19682,0
localedef,0,0,1735,326752,5.99085,0
logger,0,1,326,39904,4.76677,0
login,1,0,429,53056,4.89716,0
loginctl,0,0,498,68176,4.86869,0
logname,0,0,180,35336,4.09613,0
look,0,0,122,18824,3.19475,0
ls,0,1,1113,142312,5.91969,0
lsattr,0,0,102,14656,3.15701,0
lsb_release,1,0,72,2651,5.20514,0
lsblk,0,0,1408,149896,5.38138,0
lscpu,0,1,1039,113032,5.45099,0
lshw,0,1,11734,980168,6.15064,0
lsipc,0,0,430,51584,4.95058,0
lslocks,0,0,241,31504,4.17018,0
lslogins,0,0,425,51584,4.81215,0
lsmem,0,0,322,39296,4.83102,0
lsmod,0,0,1375,174328,6.04133,0
lsns,0,1,327,43400,4.79684,0
lsof,0,1,1292,175784,5.97318,0
lspgpot,1,0,21,1081,5.10308,0
lto-dump,0,1,254248,29352592,6.53046,0
lto-dump-13,0,1,254248,29352592,6.53046,0
lzcat,0,0,647,89008,5.40904,0
lzcmp,1,0,194,7422,4.95778,0
lzdiff,1,0,194,7422,4.95778,0
lzegrep,1,0,259,10333,4.93741,0
lzfgrep,1,0,259,10333,4.93741,0
lzgrep,1,0,259,10333,4.93741,0
lzless,1,0,41,1813,5.36414,0
lzma,0,0,647,89008,5.40904,0
lzmainfo,0,0,101,14720,3.01151,0
lzmore,1,0,62,2190,5.36882,0
mailmail3,0,0,8,227,5.02008,0
man,1,0,961,128416,5.41584,0
man-recode,0,0,276,36248,3.99572,0
mandb,0,0,753,147120,5.8578,0
manifest,1,0,53,1942,5.37319,0
manpath,0,0,205,27424,4.1844,0
mapscrn,0,0,212,31192,4.26926,0
markdown-it,0,0,8,220,5.04344,0
mawk,1,0,902,170768,6.07145,0
mcookie,0,0,159,27080,4.05039,0
md5sum,0,0,275,39336,5.28889,0
md5sum.textutils,0,0,275,39336,5.28889,0
memusage,0,0,233,7495,4.9937,0
memusagestat,0,0,136,22976,3.97465,0
mesa-overlay-control.py,0,1,158,5725,4.36279,0
mesg,0,0,113,14720,3.3244,0
migrate-pubring-from-classic-gpg,0,0,74,3093,5.25634,0
mk_modmap,1,0,354,16163,4.97555,0
mkdir,0,0,441,76296,5.6127,0
mkfifo,0,0,256,43528,5.04402,0
mknod,0,0,291,43528,5.42546,0
mksquashfs,1,1,2276,293832,6.17989,0
mktemp,0,0,231,35336,5.03005,0
more,1,0,303,47496,5.10878,0
mount,0,0,407,51584,4.46181,0
mountpoint,0,0,128,18816,3.17163,0
mtrace,0,0,206,6525,5.30902,0
mv,0,1,765,137752,5.87366,0
namei,0,0,158,22912,3.95387,0
nano,1,0,1970,279040,6.1768,0
nawk,1,1,4585,739840,6.36327,0
nc,0,1,341,39560,5.12676,0
nc.openbsd,0,1,341,39560,5.12676,0
neqn,1,0,19,913,5.23712,0
netcat,0,1,341,39560,5.12676,0
networkctl,0,1,999,125520,5.52571,0
networkd-dispatcher,0,1,454,20362,4.52458,0
newgrp,1,0,330,40664,4.32378,0
ngettext,0,0,179,35200,4.0205,0
nice,0,0,201,35336,4.58937,0
nisdomainname,0,0,154,22760,3.31365,0
nl,0,0,259,39528,5.0585,0
nm,0,0,342,44544,5.22708,0
nohup,0,0,220,35240,4.70735,0
nproc,0,0,195,35336,4.53128,0
nroff,1,0,176,5718,5.07271,0
nsenter,1,0,218,31336,3.87906,0
nstat,0,1,207,31104,3.96266,0
numfmt,0,0,411,59944,5.36763,0
objcopy,0,0,1351,166536,6.10286,0
objdump,0,0,3519,390848,6.20858,0
od,0,0,413,72200,5.57137,0
oem-getlogs,0,0,255,8504,4.70119,0
openssl,0,1,7482,1005368,5.76031,0
openvt,0,0,169,23272,3.95585,0
pager,0,0,1432,194952,5.9297,0
partx,0,0,482,63880,5.34795,0
passwd,0,0,478,64152,4.68118,0
paste,0,0,219,39336,4.50909,0
pastebinit,0,1,415,16706,4.38155,0
patch,0,0,1193,186896,5.87874,0
pathchk,0,0,198,35336,4.54827,0
pbget,1,0,62,2569,5.39162,0
pbput,1,0,62,2569,5.39162,0
pbputs,1,0,62,2569,5.39162,0
pdb3,0,0,1702,69459,4.29271,0
pdb3.12,0,0,1702,69459,4.29271,0
peekfd,0,0,111,14640,3.88932,0
perl,1,1,16434,4019312,5.33414,0
perl5.38-x86_64-linux-gnu,0,0,71,14648,2.06005,0
perl5.38.2,1,1,16434,4019312,5.33414,0
perlbug,0,1,1143,45593,5.01204,0
perldoc,1,0,4,125,4.55513,0
perlivp,0,0,291,10867,4.88533,0
perlthanks,0,1,1143,45593,5.01204,0
pgrep,0,0,283,35296,4.58379,0
pic,0,0,933,200768,5.69668,0
pico,1,0,1970,279040,6.1768,0
piconv,0,0,240,8360,5.01422,0
pidof,0,0,205,26856,3.93834,0
pidwait,0,0,283,35296,4.58379,0
pinentry,0,0,445,60056,5.26274,0
pinentry-curses,0,0,445,60056,5.26274,0
ping,0,1,583,89768,4.95391,0
ping4,0,1,583,89768,4.95391,0
ping6,0,1,583,89768,4.95391,0
pinky,0,0,282,39336,5.11498,0
pkaction,0,0,117,18736,3.00631,0
pkcheck,0,0,190,22832,4.45012,0
pkcon,0,0,547,55608,4.97075,0
pkill,0,0,283,35296,4.58379,0
pkmon,0,0,184,22840,3.92025,0
pkttyagent,0,0,142,22832,3.2692,0
pl2pm,0,1,294,4536,5.24831,0
pldd,0,0,121,22976,3.34287,0
pmap,0,0,283,35224,4.69066,0
pod2html,0,0,119,4041,4.80045,0
pod2man,0,0,343,18898,4.94965,0
pod2text,0,0,262,13112,5.0038,0
pod2usage,0,0,109,4107,5.18383,0
podchecker,0,0,99,3658,5.09837,0
pr,0,0,446,72272,5.56166,0
preconv,0,0,376,59880,4.91228,0
printenv,0,0,179,35208,4.0771,0
printf,0,0,294,55744,5.34992,0
prlimit,0,0,246,27536,4.06305,0
pro,0,0,25,1003,4.9196,0
prove,0,0,274,13659,4.71154,0
prtstat,0,0,225,18816,4.32394,0
ps,0,0,1115,146424,5.2052,0
psfaddtable,0,0,193,22904,4.90163,0
psfgettable,0,0,193,22904,4.90163,0
psfstriptable,0,0,193,22904,4.90163,0
psfxtable,0,0,193,22904,4.90163,0
pslog,0,0,87,14640,2.57379,0
pstree,0,0,285,36168,4.62751,0
pstree.x11,0,0,285,36168,4.62751,0
ptar,0,0,107,3566,5.12894,0
ptardiff,0,0,75,2645,4.92019,0
ptargrep,0,0,130,4395,5.00205,0
ptx,0,0,323,55848,5.24315,0
purge-old-kernels,1,0,20,1149,4.90615,0
pwd,0,0,218,35336,4.74723,0
pwdx,0,0,101,14720,3.05484,0
py3clean,0,0,181,7814,4.75319,0
py3compile,0,0,284,13312,4.57068,0
py3versions,0,0,321,12816,4.36442,0
pybabel,0,0,25,956,4.92529,0
pybabel-python3,0,0,25,956,4.92529,0
pydoc3,0,0,4,80,4.66233,0
pydoc3.12,0,0,4,80,4.66233,0
pygettext3,0,0,594,24224,4.36975,0
pygettext3.12,0,0,594,24224,4.36975,0
pygmentize,0,0,8,215,5.0289,0
pyhtmlizer3,0,0,8,222,5.03111,0
pyserial-miniterm,0,0,25,975,4.8706,0
pyserial-ports,0,0,25,969,4.87226,0
python3,0,1,57556,8019136,5.61973,0
python3.12,0,1,57556,8019136,5.61973,0
ranlib,0,0,373,55792,5.48328,0
rbash,1,1,9568,1446024,6.20296,0
rdma,0,1,741,104976,5.26756,0
readelf,0,0,9878,789280,6.38428,0
readlink,0,0,248,43432,4.88732,0
realpath,0,0,259,43432,5.04187,0
red,1,0,3,89,4.67301,0
rename.ul,0,0,156,22912,3.65771,0
renice,0,0,129,14720,3.92289,0
reset,0,0,203,26944,4.16038,0
resizecons,0,0,165,27096,3.95941,0
resizepart,0,0,158,22912,3.97266,0
resolvectl,0,0,1262,162480,5.49978,0
rev,0,0,100,14720,3.21259,0
rgrep,1,0,2,30,4.12323,0
rm,0,1,440,59912,5.63611,0
rmdir,0,0,239,47528,5.20162,0
rnano,1,0,1970,279040,6.1768,0
routel,0,0,49,1658,4.74497,0
rpcgen,0,1,875,96864,5.83515,0
rrsync,0,1,330,12639,4.76322,0
rsync,0,1,3258,514176,6.21527,0
rsync-ssl,0,0,162,5136,5.24909,0
rtstat,0,0,153,23200,4.03862,0
run-one,1,0,93,3592,5.18209,0
run-one-constantly,1,0,93,3592,5.18209,0
run-one-until-failure,1,0,93,3592,5.18209,0
run-one-until-success,1,0,93,3592,5.18209,0
run-parts,0,0,194,27464,3.83171,0
run-this-one,1,0,93,3592,5.18209,0
runcon,0,0,236,35336,4.75073,0
rview,1,1,21747,4126400,6.24258,0
rvim,1,1,21747,4126400,6.24258,0
savelog,1,0,304,10487,5.11611,0
scalar,1,1,4595,684992,6.30389,0
scp,0,1,995,137816,5.85327,0
screendump,0,0,86,14640,3.19031,0
script,1,0,447,55680,4.87566,0
scriptlive,1,0,369,43392,5.22147,0
scriptreplay,0,0,243,35200,4.21703,0
sdiff,0,0,335,51600,5.05066,0
sed,0,0,712,113224,5.88336,0
select-editor,1,0,68,2450,4.71615,0
sensible-browser,1,0,36,1583,4.81855,0
sensible-editor,1,0,47,1556,5.13751,0
sensible-pager,1,0,21,921,4.95059,0
sensible-terminal,1,0,28,1176,5.26295,0
seq,0,0,277,51720,5.5493,0
session-migration,0,0,135,22680,2.97544,0
setarch,1,0,208,27288,3.74007,0
setfont,0,0,409,55768,5.13708,0
setkeycodes,0,0,103,14712,3.58978,0
setleds,0,0,116,18872,3.59694,0
setlogcons,0,0,85,14712,2.62276,0
setmetamode,0,0,103,14752,3.32126,0
setpriv,1,0,348,39304,4.6628,0
setsid,0,0,108,14720,3.23997,0
setterm,0,0,284,35200,4.77087,0
setupcon,1,0,1225,41025,4.87217,0
sftp,1,1,1216,154280,6.05821,0
sg,1,0,330,40664,4.32378,0
sh,1,0,829,129784,5.68952,0
sha1sum,0,0,275,39336,5.28121,0
sha224sum,0,0,275,39336,5.28212,0
sha256sum,0,0,274,39336,5.28129,0
sha384sum,0,0,274,39336,5.28726,0
sha512sum,0,0,274,39336,5.28781,0
shasum,0,0,245,9982,5.39485,0
showconsolefont,0,0,160,18808,4.48709,0
showkey,0,0,124,18808,3.69643,0
shred,0,0,336,55816,5.25295,0
shuf,0,0,311,47624,5.59386,0
size,0,0,191,31184,3.90073,0
skill,0,0,212,27048,4.12072,0
slabtop,0,0,155,22976,3.75077,0
sleep,0,0,191,35336,4.36018,0
slogin,1,1,5421,846888,5.8992,0
snap,1,1,217936,18728376,6.03094,0
snapctl,0,1,84276,7017656,6.19488,0
snapfuse,0,0,271,39144,5.04051,0
snice,0,0,212,27048,4.12072,0
soelim,0,0,199,35304,5.15099,0
sort,0,0,692,105272,5.83086,0
sotruss,0,0,134,4308,5.14204,0
splain,0,0,565,19449,5.10442,0
split,1,0,388,56256,5.54504,0
splitfont,0,0,78,14640,2.36646,0
sprof,0,0,214,35264,4.08716,0
sqfscat,0,1,1208,151448,6.00357,0
sqfstar,1,1,2276,293832,6.17989,0
ss,0,1,1071,132168,5.59189,0
ssh,1,1,5421,846888,5.8992,0
ssh-add,0,1,1247,301488,4.87646,0
ssh-agent,0,1,1442,309688,4.96762,0
ssh-argv0,1,0,26,1455,5.27584,0
ssh-copy-id,1,0,327,13078,5.40134,0
ssh-keygen,0,1,2586,453056,5.46863,0
ssh-keyscan,0,1,1389,338368,5.04772,0
stat,0,1,662,88592,5.72473,0
stdbuf,0,0,275,51720,5.3067,0
streamzip,0,1,201,8061,4.73599,0
strings,0,0,198,35440,4.23273,0
strip,0,0,1351,166568,6.10189,0
stty,0,0,559,80408,5.28123,0
su,1,0,455,55680,5.09635,0
sudo,1,1,1993,277936,6.05174,0
sudoedit,1,1,1993,277936,6.05174,0
sudoreplay,0,0,740,98256,5.42984,0
sum,0,0,212,35240,4.80538,0
sync,0,0,194,35240,4.41385,0
systemctl,0,1,11245,1501304,6.23189,0
systemd,1,0,959,100816,5.36181,0
systemd-ac-power,0,0,98,14792,2.85647,0
systemd-analyze,0,1,1706,203624,5.59069,0
systemd-ask-password,0,0,149,19024,3.43775,0
systemd-cat,0,0,142,18896,3.57184,0
systemd-cgls,0,0,155,23112,3.47847,0
systemd-cgtop,0,0,289,39392,4.45253,0
systemd-confext,0,0,431,55952,4.97291,0
systemd-creds,0,0,335,43744,4.32051,0
systemd-cryptenroll,0,0,528,72624,5.14729,0
systemd-cryptsetup,0,0,607,80840,5.50079,0
systemd-delta,0,0,212,27080,4.15538,0
systemd-detect-virt,0,0,135,18888,3.25594,0
systemd-escape,0,0,157,22984,3.45401,0
systemd-firstboot,0,0,495,60232,5.24103,0
systemd-hwdb,0,1,1274,158456,5.90731,0
systemd-id128,0,0,167,22984,3.61145,0
systemd-inhibit,0,0,187,23008,3.93181,0
systemd-machine-id-setup,0,0,126,19072,3.18661,0
systemd-mount,0,0,421,52000,5.2859,0
systemd-notify,0,1,203,27304,4.08312,0
systemd-path,0,0,182,18888,3.3957,0
systemd-repart,0,0,1562,199912,5.93363,0
systemd-run,0,1,523,68392,5.08935,0
systemd-socket-activate,0,1,222,31176,3.91737,0
systemd-stdio-bridge,0,1,144,22992,3.25131,0
systemd-sysext,0,0,431,55952,4.97291,0
systemd-sysusers,0,0,545,68224,5.41235,0
systemd-tmpfiles,0,1,849,117448,5.61189,0
systemd-tty-ask-password-agent,0,1,263,35272,4.20729,0
systemd-umount,0,0,421,52000,5.2859,0
tabs,0,0,130,18744,4.1515,0
tac,0,0,225,39336,4.82065,0
tail,0,0,457,64032,5.73166,0
tar,1,1,2799,432048,6.10305,0
taskset,0,0,196,31104,3.90859,0
tbl,0,0,1039,137704,5.81676,0
tee,0,0,243,39432,4.91034,0
tempfile,0,0,98,14648,2.96969,0
test,0,0,186,47552,5.23086,0
tic,0,0,715,92584,5.48228,0
time,0,1,203,27160,3.83231,0
timedatectl,0,0,398,47560,4.66931,0
timeout,0,0,296,39880,5.01889,0
tkconch3,0,0,8,227,5.03251,0
tload,0,0,124,22928,2.77444,0
tmux,1,1,7912,1102608,5.9965,0
toe,0,0,127,22840,3.36245,0
top,0,0,881,134864,5.89301,0
touch,0,0,561,96776,5.56338,0
tput,0,0,156,26968,3.98072,0
tr,0,0,317,47624,5.29873,0
trial3,0,0,8,219,5.00505,0
troff,0,0,7244,744056,5.39791,0
true,0,0,166,26936,4.80309,0
truncate,0,0,222,39432,4.69665,0
tset,0,0,203,26944,4.16038,0
tsort,0,0,218,47624,5.0864,0
tty,0,0,182,35336,4.13899,0
twist3,0,0,8,239,5.00458,0
twistd3,0,0,8,220,4.993,0
tzselect,1,0,466,15378,5.28697,0
ua,0,0,25,1003,4.9196,0
ubuntu-advantage,0,0,25,1003,4.9196,0
ubuntu-bug,1,0,64,2322,5.11204,0
ubuntu-distro-info,0,0,177,27536,4.05614,0
ubuntu-security-status,0,0,504,22783,4.32443,0
ucf,1,0,993,41657,4.7428,0
ucfq,0,0,562,19367,4.91447,0
ucfr,1,0,278,11111,4.82903,0
uclampset,0,0,193,31104,3.67131,0
udevadm,0,1,10104,1439536,5.7742,0
ul,0,0,153,22920,4.04511,0
umount,0,0,294,39296,4.13177,0
uname,0,0,209,35336,4.45569,0
unattended-upgrade,0,1,2214,99547,4.46073,0
unattended-upgrades,0,1,2214,99547,4.46073,0
uncompress,1,0,44,2346,4.90702,0
unexpand,0,0,221,39456,4.61421,0
unicode_start,1,0,70,2772,5.09432,0
unicode_stop,1,0,22,528,5.19132,0
uniq,0,0,280,39432,5.39602,0
unlink,0,0,181,35336,4.12553,0
unlzma,0,0,647,89008,5.40904,0
unshare,1,0,344,43624,4.52887,0
unsquashfs,0,1,1208,151448,6.00357,0
unxz,0,0,647,89008,5.40904,0
update-alternatives,0,0,461,59784,5.47717,0
update-mime-database,0,0,564,76112,5.71021,0
uptime,0,0,99,14720,2.94572,0
users,0,0,220,35336,4.78069,0
utmpdump,0,0,162,22912,3.88715,0
uuidgen,0,0,125,18816,3.1571,0
uuidparse,0,0,180,22912,3.89276,0
varlinkctl,0,1,255,31176,4.21789,0
vcs-run,0,0,222,6912,5.27921,0
vdir,0,1,1114,142312,5.91871,0
vi,1,1,21747,4126400,6.24258,0
view,1,1,21747,4126400,6.24258,0
vigpg,1,0,55,2640,5.02597,0
vim,1,1,21747,4126400,6.24258,0
vim.basic,1,1,21747,4126400,6.24258,0
vim.tiny,0,1,8094,1736392,6.10643,0
vimdiff,1,1,21747,4126400,6.24258,0
vimtutor,1,0,58,2154,5.11953,0
vmstat,0,0,255,39712,4.67029,0
w,0,0,190,27008,3.8845,0
wall,0,0,175,22912,4.1295,0
watch,0,0,207,31584,4.31487,0
watchgnupg,0,1,160,22840,3.92612,0
wc,0,0,295,55824,5.16591,0
wdctl,0,0,297,35224,4.58039,0
wget,0,1,2762,470032,6.26076,0
whatis,0,0,359,48416,4.69612,0
whereis,0,0,260,31576,4.15353,0
which,1,0,56,1080,4.89499,0
which.debianutils,1,0,56,1080,4.89499,0
whiptail,0,0,224,30888,4.72384,0
who,0,0,342,59928,5.26656,0
whoami,0,0,183,35336,4.1276,0
wifi-status,1,0,38,2107,5.06832,0
write,0,0,152,22920,3.542,0
wslinfo,1,1,22695,2260248,6.48812,0
wslpath,1,1,22695,2260248,6.48812,0
x86_64,1,0,208,27288,3.74007,0
x86_64-linux-gnu-addr2line,0,0,179,31440,3.74153,0
x86_64-linux-gnu-ar,0,0,374,55792,5.48293,0
x86_64-linux-gnu-as,0,0,5264,745768,5.68594,0
x86_64-linux-gnu-c++filt,0,0,131,22800,3.43119,0
x86_64-linux-gnu-cpp,0,0,9103,1027128,5.68637,0
x86_64-linux-gnu-cpp-13,0,0,9103,1027128,5.68637,0
x86_64-linux-gnu-dwp,0,0,9156,1961344,6.07213,0
x86_64-linux-gnu-elfedit,0,0,255,35552,4.90119,0
x86_64-linux-gnu-gcc,0,0,9080,1023032,5.69724,0
x86_64-linux-gnu-gcc-13,0,0,9080,1023032,5.69724,0
x86_64-linux-gnu-gcc-ar,0,0,176,27216,4.07484,0
x86_64-linux-gnu-gcc-ar-13,0,0,176,27216,4.07484,0
x86_64-linux-gnu-gcc-nm,0,0,174,27216,4.06782,0
x86_64-linux-gnu-gcc-nm-13,0,0,174,27216,4.06782,0
x86_64-linux-gnu-gcc-ranlib,0,0,174,27216,4.0671,0
x86_64-linux-gnu-gcc-ranlib-13,0,0,174,27216,4.0671,0
x86_64-linux-gnu-gcov,0,0,3797,442496,6.26035,0
x86_64-linux-gnu-gcov-13,0,0,3797,442496,6.26035,0
x86_64-linux-gnu-gcov-dump,0,0,2875,356432,6.2058,0
x86_64-linux-gnu-gcov-dump-13,0,0,2875,356432,6.2058,0
x86_64-linux-gnu-gcov-tool,0,0,2672,311352,6.20202,0
x86_64-linux-gnu-gcov-tool-13,0,0,2672,311352,6.20202,0
x86_64-linux-gnu-gold,0,0,15382,3218592,6.14443,0
x86_64-linux-gnu-gp-archive,0,0,914,162336,5.56581,0
x86_64-linux-gnu-gp-collect-app,0,0,1070,178552,5.70831,0
x86_64-linux-gnu-gp-display-html,0,0,13965,641937,4.51812,0
x86_64-linux-gnu-gp-display-src,0,0,868,153960,5.60411,0
x86_64-linux-gnu-gp-display-text,0,0,1911,297336,5.87127,0
x86_64-linux-gnu-gprof,0,0,804,102184,5.89291,0
x86_64-linux-gnu-gprofng,0,0,813,141672,5.66128,0
x86_64-linux-gnu-ld,0,0,22364,1359128,6.0445,0
x86_64-linux-gnu-ld.bfd,0,0,22364,1359128,6.0445,0
x86_64-linux-gnu-ld.gold,0,0,15382,3218592,6.14443,0
x86_64-linux-gnu-lto-dump,0,1,254248,29352592,6.53046,0
x86_64-linux-gnu-lto-dump-13,0,1,254248,29352592,6.53046,0
x86_64-linux-gnu-nm,0,0,342,44544,5.22708,0
x86_64-linux-gnu-objcopy,0,0,1351,166536,6.10286,0
x86_64-linux-gnu-objdump,0,0,3519,390848,6.20858,0
x86_64-linux-gnu-ranlib,0,0,373,55792,5.48328,0
x86_64-linux-gnu-readelf,0,0,9878,789280,6.38428,0
x86_64-linux-gnu-size,0,0,191,31184,3.90073,0
x86_64-linux-gnu-strings,0,0,198,35440,4.23273,0
x86_64-linux-gnu-strip,0,0,1351,166568,6.10189,0
xargs,0,0,429,63912,5.46688,0
xauth,0,0,340,56280,4.61354,0
xdg-user-dir,1,0,6,234,5.43453,0
xdg-user-dirs-update,0,0,169,26856,4.03019,0
xsubpp,0,0,122,5167,5.12026,0
xxd,0,0,149,22816,4.71378,0
xz,0,0,647,89008,5.40904,0
xzcat,0,0,647,89008,5.40904,0
xzcmp,1,0,194,7422,4.95778,0
xzdiff,1,0,194,7422,4.95778,0
xzegrep,1,0,259,10333,4.93741,0
xzfgrep,1,0,259,10333,4.93741,0
xzgrep,1,0,259,10333,4.93741,0
xzless,1,0,41,1813,5.36414,0
xzmore,1,0,62,2190,5.36882,0
yes,0,0,171,35208,4.05604,0
ypdomainname,0,0,154,22760,3.31365,0
zcat,1,0,39,1984,4.98222,0
zcmp,1,0,32,1678,5.11941,0
zdiff,1,0,177,6460,4.48296,0
zdump,0,0,146,31008,4.5609,0
zegrep,1,0,2,29,4.32316,0
zfgrep,1,0,2,29,4.32316,0
zforce,1,0,49,2081,5.15959,0
zgrep,1,0,245,8103,5.04134,0
zipdetails,0,0,1971,70193,4.92394,0
zless,1,0,55,2206,5.41089,0
zmore,1,0,41,1842,5.21081,0
znew,1,0,139,4577,4.89918,0
fake1.sh,1,0,2,25,3.65366,1
fake10.sh,0,0,2,57,4.3901,1
fake100.sh,0,0,2,58,4.40559,1
fake11.sh,0,0,2,55,4.57174,1
fake12.sh,0,0,2,57,4.3901,1
fake13.sh,0,0,2,61,4.66051,1
fake14.sh,0,0,2,55,4.62182,1
fake15.sh,0,0,2,46,4.31683,1
fake16.sh,0,0,2,57,4.3901,1
fake17.sh,1,0,2,25,3.65366,1
fake18.sh,0,0,2,61,4.66051,1
fake19.sh,0,0,2,55,4.62182,1
fake2.sh,0,0,2,46,4.31683,1
fake20.sh,0,0,2,61,4.66051,1
fake21.sh,0,0,2,46,4.31683,1
fake22.sh,0,0,2,61,4.62772,1
fake23.sh,1,0,2,25,3.65366,1
fake24.sh,0,0,2,57,4.3901,1
fake25.sh,0,0,2,46,4.36031,1
fake26.sh,0,0,2,57,4.3901,1
fake27.sh,0,0,2,55,4.62182,1
fake28.sh,0,0,2,57,4.3901,1
fake29.sh,0,0,2,55,4.62182,1
fake3.sh,0,0,2,55,4.6081,1
fake30.sh,1,0,2,25,3.65366,1
fake31.sh,0,0,2,57,4.3901,1
fake32.sh,0,0,2,57,4.3901,1
fake33.sh,0,0,2,55,4.62182,1
fake34.sh,0,0,2,46,4.36031,1
fake35.sh,0,0,2,57,4.3901,1
fake36.sh,0,0,2,57,4.3901,1
fake37.sh,0,0,2,61,4.66051,1
fake38.sh,0,0,2,61,4.66051,1
fake39.sh,0,0,2,55,4.65819,1
fake4.sh,0,0,2,46,4.31683,1
fake40.sh,1,0,2,25,3.65366,1
fake41.sh,0,0,2,61,4.66051,1
fake42.sh,0,0,2,46,4.36031,1
fake43.sh,0,0,2,57,4.3901,1
fake44.sh,0,0,2,55,4.62182,1
fake45.sh,0,0,2,61,4.66051,1
fake46.sh,0,0,2,57,4.3901,1
fake47.sh,0,0,2,46,4.36031,1
fake48.sh,0,0,2,57,4.3901,1
fake49.sh,1,0,2,25,3.65366,1
fake5.sh,0,0,2,46,4.31683,1
fake50.sh,0,0,2,61,4.66051,1
fake51.sh,0,0,2,61,4.66051,1
fake52.sh,0,0,2,57,4.3901,1
fake53.sh,0,0,2,57,4.3901,1
fake54.sh,0,0,2,61,4.66051,1
fake55.sh,0,0,2,46,4.31683,1
fake56.sh,0,0,2,46,4.36031,1
fake57.sh,1,0,2,25,3.65366,1
fake58.sh,0,0,2,46,4.36031,1
fake59.sh,0,0,2,46,4.36031,1
fake6.sh,0,0,2,60,4.61549,1
fake60.sh,0,0,2,57,4.3901,1
fake61.sh,0,0,2,57,4.3901,1
fake62.sh,0,0,2,57,4.3901,1
fake63.sh,1,0,2,25,3.65366,1
fake64.sh,0,0,2,55,4.65819,1
fake65.sh,0,0,2,61,4.66051,1
fake66.sh,0,0,2,55,4.62182,1
fake67.sh,0,0,2,46,4.36031,1
fake68.sh,1,0,2,25,3.65366,1
fake69.sh,0,0,2,55,4.65819,1
fake7.sh,1,0,2,25,3.65366,1
fake70.sh,1,0,2,25,3.65366,1
fake71.sh,0,0,2,57,4.3901,1
fake72.sh,0,0,2,55,4.62182,1
fake73.sh,0,0,2,55,4.65819,1
fake74.sh,0,0,2,46,4.36031,1
fake75.sh,0,0,2,61,4.66051,1
fake76.sh,0,0,2,55,4.65819,1
fake77.sh,0,0,2,57,4.35502,1
fake78.sh,0,0,2,55,4.65819,1
fake79.sh,1,0,2,25,3.65366,1
fake8.sh,0,0,2,55,4.6081,1
fake80.sh,0,0,2,46,4.31683,1
fake81.sh,0,0,2,46,4.31683,1
fake82.sh,0,0,2,46,4.36031,1
fake83.sh,1,0,2,25,3.65366,1
fake84.sh,0,0,2,61,4.66051,1
fake85.sh,0,0,2,61,4.66051,1
fake86.sh,0,0,2,57,4.3901,1
fake87.sh,0,0,2,61,4.66051,1
fake88.sh,0,0,2,61,4.62772,1
fake89.sh,0,0,2,57,4.3901,1
fake9.sh,0,0,2,60,4.61549,1
fake90.sh,0,0,2,57,4.3901,1
fake91.sh,0,0,2,57,4.3901,1
fake92.sh,0,0,2,61,4.66051,1
fake93.sh,0,0,2,61,4.66051,1
fake94.sh,1,0,2,25,3.65366,1
fake95.sh,1,0,2,25,3.65366,1
fake96.sh,0,0,2,46,4.36031,1
fake97.sh,0,0,2,46,4.36031,1
fake98.sh,0,0,2,57,4.3901,1
fake99.sh,1,0,2,25,3.65366,1
